<?xml version="1.0" encoding="UTF-8"?>
<!DOCTYPE struts-config PUBLIC
          "-//Apache Software Foundation//DTD Struts Configuration 1.2//EN"
          "http://jakarta.apache.org/struts/dtds/struts-config_1_2.dtd">
          
 <struts-config>
 <form-beans>
<form-bean name="emp" type="com.yash.actionform.Employee" /> 


 
 </form-beans>
 
 
 <action-mappings>


<action name="emp" type="com.yash.action.DisplayEmployee" path="/allemployee">
<forward name="success" path="/allemployee.jsp"></forward>
<forward name="logout" path="/logout.jsp"> </forward>
<forward name="FirstAction" path="/firstAction.do"></forward>

</action> 


<action name = "emp" type=" com.yash.action.DispatchClass" path="/firstAction">
<forward name="success" path="allemployee.jsp"> </forward>

</action >

 </action-mappings>

 
 
 <global-exceptions>
 </global-exceptions>
 <global-forwards>
 </global-forwards>

<message-resources parameter="application">

</message-resources>
 
 </struts-config>