<?xml version="1.0" encoding="UTF-8"?>
<!DOCTYPE struts-config PUBLIC
          "-//Apache Software Foundation//DTD Struts Configuration 1.2//EN"
          "http://jakarta.apache.org/struts/dtds/struts-config_1_2.dtd">
          
 <struts-config>
 <form-beans>

<form-bean name="emp" type="com.yash.actionform.Employee">
</form-bean>

 
 </form-beans>
 
 
 <action-mappings>


<action name="emp" type="com.yash.action.LoginAction" path="/login">
<forward name="success" path="/allemployee.do"> </forward>
<forward name="logout" path="/logout.jsp"> </forward>
</action>
<action name="emp" type="com.yash.action.DisplayEmployee" path="/managment">
<forward name="success" path="/Home.jsp"></forward>
<forward name="logout" path="/logout.jsp"> </forward>
</action>
<action name="emp" type="com.yash.action.DisplayEmployee" path="/sales">
<forward name="success" path="/Home.jsp"></forward>
<forward name="logout" path="/logout.jsp"> </forward>
</action>
 </action-mappings>

 
 
 <global-exceptions>
 </global-exceptions>
 <global-forwards>
 </global-forwards>

  <controller processorClass="org.apache.struts.tiles.TilesRequestProcessor" />
    <message-resources parameter="application"></message-resources>
    



   <plug-in className="org.apache.struts.tiles.TilesPlugin">
        <set-property property="definitions-config"
            value="/WEB-INF/tiles-defs.xml" />
        <set-property property="moduleAware" value="true" />
    </plug-in>



   <!-- ========================= Validator plugin ================================= -->
    <plug-in
        className="org.apache.struts.validator.ValidatorPlugIn">
        <set-property property="pathnames"
            value="/WEB-INF/validator-rules.xml,/WEB-INF/validation.xml" />
    </plug-in>
 
 </struts-config>