<?xml version="1.0" encoding="UTF-8"?>
<!DOCTYPE struts-config PUBLIC
          "-//Apache Software Foundation//DTD Struts Configuration 1.2//EN"
          "http://jakarta.apache.org/struts/dtds/struts-config_1_2.dtd">
          
 <struts-config>
 <form-beans>
<form-bean name="emp" type="com.yash.actionform.Employee">

</form-bean>
 
 </form-beans>
 
 
 <action-mappings>


<action name="emp" type="com.yash.action.Register" path="/registerEmp" validate="true" input="/register.jsp">
<forward name="success" path="/success.jsp"></forward>

</action>
 </action-mappings>

 
 
 <global-exceptions>
 </global-exceptions>
 <global-forwards>
 </global-forwards>

 <message-resources parameter="application" null="false">
 </message-resources>
 
 
 </struts-config>