<?xml version="1.0" encoding="UTF-8"?>

<!DOCTYPE struts-config PUBLIC
          "-//Apache Software Foundation//DTD Struts Configuration 1.2//EN"
          "http://jakarta.apache.org/struts/dtds/struts-config_1_2.dtd">
          
<struts-config>
<form-beans>
<form-bean name="emp" type="com.yash.actionform.Employee">
</form-bean>

</form-beans>
<action-mappings>
<action name="emp" type="com.yash.action.EmployeeAction" path="/register">
	
	<forward name="success" path="/allemployees.do"></forward>
	<forward name="home" path="/home.jsp"></forward>

</action>

<action name="emp" type="com.yash.action.GetAllEmployeeAction" path="/allemployees">
<forward name="success" path="/allemployee.jsp"> </forward>
</action>
<action name="emp" type="com.yash.action.DeleteEmplyee" path="/deleteemplyee">
<forward name="success" path="/allemployees.do"  > </forward>
</action>
<action name="emp" type="com.yash.action.SearchEmployee" path="/searchemployee">
<forward name="success" path="/serchEmployee.jsp"></forward>



</action>

</action-mappings>

<global-exceptions></global-exceptions>

<global-forwards></global-forwards>

<message-resources parameter="application"></message-resources>
</struts-config>