<?xml version="1.0" encoding="UTF-8"?><!DOCTYPE hibernate-mapping PUBLIC 
    "-//Hibernate/Hibernate Mapping DTD 3.0//EN"
    "http://www.hibernate.org/dtd/hibernate-mapping-3.0.dtd">
    
   <hibernate-mapping>
   <class name = "com.map.MappingOneToOneByHbm.Tab1" table = "Tab1">
      
      <meta attribute = "class-description">
         This class contains the employee detail. 
      </meta>
      
      <id name = "id" type = "int" column = "id">
         <generator class="native"/>  
      </id>
      
      <property name = "name" column = "name" type = "string"/>
      <property name = "a_id" column = "a_id" type = "int"/>
 
           <one-to-one name="a_id" class="com.map.MappingOneToOneByHbm.Tab1" foreign-key="true" ></one-to-one>
   </class>
    
    </hibernate-mapping>