<?xml version="1.0" encoding="UTF-8"?>
<!DOCTYPE struts-config PUBLIC
          "-//Apache Software Foundation//DTD Struts Configuration 1.2//EN"
          "http://jakarta.apache.org/struts/dtds/struts-config_1_2.dtd">
          
 <struts-config>
 <form-beans>
 <form-bean name="emp" type="com.yash.actionform.Employee" >

 
 </form-bean>
 <form-bean name="dept" type="com.yash.actionform.Department">
  
  </form-bean>
 
 </form-beans>
 
 
 <action-mappings>
 <action name="dept" type="com.yash.action.DepartmentAction" path="/alldept">
 <forward name="success" path="/alldepartment.jsp"> </forward>
 </action> 
<action name="emp" type="com.yash.action.DisplayEmployee" path="/displayemployee">
<forward name="success" path="/displayemployee.jsp"></forward>
</action>
<action name="emp" type="com.yash.action.UpdateEmployee" path="/updateemployee">
<forward name="success" path="/alldept.do"></forward>
</action>
<action name="emp" type="com.yash.action.DeleteEmployee" path="/deleteemployee">
<forward name="success" path="/alldept.do"></forward>
</action>
<action name="emp" type="com.yash.action.EmployeeReg" path="/register">
	
	<forward name="success" path="/alldept.do"></forward>
	

</action>

 </action-mappings>

 
 
 <global-exceptions>
 </global-exceptions>
 <global-forwards>
 </global-forwards>

 
 
 </struts-config>